name,email,division
John Doe,john.doe@kletech.ac.in,A
Shri,shri@kletech.ac.in,B
sudeep,sudeep@kletech.ac.in,C
girish,girish@kletech.ac.in,A
pallavi,pallavi@kletech.ac.in,B
usha,usha@gmail.com,C